{"stats":{"minecraft:dropped":{"minecraft:filled_map":4,"minecraft:map":3},"minecraft:custom":{"minecraft:time_since_rest":427715,"minecraft:sprint_one_cm":60540,"minecraft:walk_one_cm":157237,"minecraft:drop":7,"minecraft:interact_with_beacon":1,"minecraft:interact_with_cartography_table":1,"minecraft:fly_one_cm":1168409,"minecraft:open_chest":13,"minecraft:crouch_one_cm":7858,"minecraft:play_time":427715,"minecraft:sneak_time":6517,"minecraft:jump":1035,"minecraft:leave_game":26,"minecraft:time_since_death":427715,"minecraft:total_world_time":945133},"minecraft:used":{"minecraft:shroomlight":1,"minecraft:glass":43,"minecraft:piston":12,"minecraft:stone_brick_slab":85,"minecraft:netherite_block":306,"minecraft:end_rod":28,"minecraft:light":26,"minecraft:blue_terracotta":49,"minecraft:sea_lantern":53,"minecraft:lava_bucket":2,"minecraft:end_stone_bricks":27,"minecraft:crying_obsidian":14,"minecraft:light_gray_stained_glass":5,"minecraft:brick_wall":6,"minecraft:polished_deepslate":5,"minecraft:armor_stand":1,"minecraft:iron_block":220,"minecraft:red_concrete":20,"minecraft:acacia_trapdoor":9,"minecraft:powered_rail":58,"minecraft:barrier":31,"minecraft:map":111,"minecraft:polished_deepslate_wall":14,"minecraft:cartography_table":1,"minecraft:chest":4,"minecraft:tinted_glass":8,"minecraft:red_terracotta":260,"minecraft:redstone_block":21,"minecraft:beacon":3,"minecraft:raw_gold_block":1,"minecraft:stone_brick_stairs":11,"minecraft:stone_bricks":60,"minecraft:item_frame":1,"minecraft:glow_item_frame":42,"minecraft:reinforced_deepslate":67,"minecraft:sand":1,"minecraft:rail":86,"minecraft:black_stained_glass":16,"minecraft:iron_trapdoor":12,"minecraft:smooth_stone_slab":2,"minecraft:minecart":20,"minecraft:glass_pane":7,"minecraft:magenta_glazed_terracotta":34,"minecraft:repeating_command_block":1,"minecraft:raw_iron_block":2,"minecraft:stone_brick_wall":28,"minecraft:cherry_fence":6,"minecraft:smooth_stone":16,"minecraft:obsidian":30},"minecraft:picked_up":{"minecraft:filled_map":2,"minecraft:map":3}},"DataVersion":3465}