{
  "minecraft:recipes/decorations/crafting_table": {
    "criteria": {
      "unlock_right_away": "2023-06-24 20:20:16 +0900"
    },
    "done": true
  },
  "minecraft:adventure/adventuring_time": {
    "criteria": {
      "minecraft:plains": "2023-06-24 20:21:52 +0900"
    },
    "done": false
  },
  "minecraft:recipes/decorations/lime_stained_glass_pane_from_glass_pane": {
    "criteria": {
      "has_glass_pane": "2023-06-25 12:08:30 +0900"
    },
    "done": true
  },
  "minecraft:recipes/decorations/purple_stained_glass_pane_from_glass_pane": {
    "criteria": {
      "has_glass_pane": "2023-06-25 12:08:30 +0900"
    },
    "done": true
  },
  "minecraft:recipes/decorations/blue_stained_glass_pane_from_glass_pane": {
    "criteria": {
      "has_glass_pane": "2023-06-25 12:08:30 +0900"
    },
    "done": true
  },
  "minecraft:recipes/decorations/black_stained_glass_pane_from_glass_pane": {
    "criteria": {
      "has_glass_pane": "2023-06-25 12:08:30 +0900"
    },
    "done": true
  },
  "minecraft:recipes/decorations/light_gray_stained_glass_pane_from_glass_pane": {
    "criteria": {
      "has_glass_pane": "2023-06-25 12:08:30 +0900"
    },
    "done": true
  },
  "minecraft:recipes/decorations/yellow_stained_glass_pane_from_glass_pane": {
    "criteria": {
      "has_glass_pane": "2023-06-25 12:08:30 +0900"
    },
    "done": true
  },
  "minecraft:recipes/decorations/brown_stained_glass_pane_from_glass_pane": {
    "criteria": {
      "has_glass_pane": "2023-06-25 12:08:30 +0900"
    },
    "done": true
  },
  "minecraft:recipes/decorations/red_stained_glass_pane_from_glass_pane": {
    "criteria": {
      "has_glass_pane": "2023-06-25 12:08:30 +0900"
    },
    "done": true
  },
  "minecraft:recipes/decorations/magenta_stained_glass_pane_from_glass_pane": {
    "criteria": {
      "has_glass_pane": "2023-06-25 12:08:30 +0900"
    },
    "done": true
  },
  "minecraft:recipes/decorations/cyan_stained_glass_pane_from_glass_pane": {
    "criteria": {
      "has_glass_pane": "2023-06-25 12:08:30 +0900"
    },
    "done": true
  },
  "minecraft:recipes/decorations/orange_stained_glass_pane_from_glass_pane": {
    "criteria": {
      "has_glass_pane": "2023-06-25 12:08:30 +0900"
    },
    "done": true
  },
  "minecraft:recipes/decorations/light_blue_stained_glass_pane_from_glass_pane": {
    "criteria": {
      "has_glass_pane": "2023-06-25 12:08:30 +0900"
    },
    "done": true
  },
  "minecraft:recipes/decorations/green_stained_glass_pane_from_glass_pane": {
    "criteria": {
      "has_glass_pane": "2023-06-25 12:08:30 +0900"
    },
    "done": true
  },
  "minecraft:recipes/decorations/pink_stained_glass_pane_from_glass_pane": {
    "criteria": {
      "has_glass_pane": "2023-06-25 12:08:30 +0900"
    },
    "done": true
  },
  "minecraft:recipes/decorations/white_stained_glass_pane_from_glass_pane": {
    "criteria": {
      "has_glass_pane": "2023-06-25 12:08:30 +0900"
    },
    "done": true
  },
  "minecraft:recipes/decorations/gray_stained_glass_pane_from_glass_pane": {
    "criteria": {
      "has_glass_pane": "2023-06-25 12:08:30 +0900"
    },
    "done": true
  },
  "minecraft:recipes/misc/netherite_ingot_from_netherite_block": {
    "criteria": {
      "has_netherite_block": "2023-06-25 12:16:15 +0900"
    },
    "done": true
  },
  "minecraft:recipes/building_blocks/end_stone_brick_stairs_from_end_stone_brick_stonecutting": {
    "criteria": {
      "has_end_stone_brick": "2023-06-25 12:16:38 +0900"
    },
    "done": true
  },
  "minecraft:recipes/building_blocks/end_stone_brick_slab": {
    "criteria": {
      "has_end_stone_bricks": "2023-06-25 12:16:38 +0900"
    },
    "done": true
  },
  "minecraft:recipes/building_blocks/end_stone_brick_slab_from_end_stone_brick_stonecutting": {
    "criteria": {
      "has_end_stone_brick": "2023-06-25 12:16:38 +0900"
    },
    "done": true
  },
  "minecraft:recipes/decorations/end_stone_brick_wall_from_end_stone_brick_stonecutting": {
    "criteria": {
      "has_end_stone_brick": "2023-06-25 12:16:38 +0900"
    },
    "done": true
  },
  "minecraft:recipes/building_blocks/end_stone_brick_stairs": {
    "criteria": {
      "has_end_stone_bricks": "2023-06-25 12:16:38 +0900"
    },
    "done": true
  },
  "minecraft:recipes/decorations/end_stone_brick_wall": {
    "criteria": {
      "has_end_stone_bricks": "2023-06-25 12:16:38 +0900"
    },
    "done": true
  },
  "minecraft:recipes/tools/flint_and_steel": {
    "criteria": {
      "has_obsidian": "2023-06-25 12:19:29 +0900"
    },
    "done": true
  },
  "minecraft:story/form_obsidian": {
    "criteria": {
      "obsidian": "2023-06-25 12:19:29 +0900"
    },
    "done": true
  },
  "minecraft:recipes/decorations/enchanting_table": {
    "criteria": {
      "has_obsidian": "2023-06-25 12:19:29 +0900"
    },
    "done": true
  },
  "minecraft:nether/obtain_crying_obsidian": {
    "criteria": {
      "crying_obsidian": "2023-06-25 12:21:55 +0900"
    },
    "done": true
  },
  "minecraft:recipes/decorations/respawn_anchor": {
    "criteria": {
      "has_obsidian": "2023-06-25 12:21:55 +0900"
    },
    "done": true
  },
  "minecraft:recipes/decorations/light_gray_stained_glass_pane": {
    "criteria": {
      "has_glass": "2023-06-25 12:32:16 +0900"
    },
    "done": true
  },
  "minecraft:recipes/misc/iron_ingot_from_iron_block": {
    "criteria": {
      "has_iron_block": "2023-06-25 12:37:45 +0900"
    },
    "done": true
  },
  "minecraft:recipes/decorations/anvil": {
    "criteria": {
      "has_iron_block": "2023-06-25 12:37:45 +0900"
    },
    "done": true
  },
  "minecraft:recipes/redstone/redstone": {
    "criteria": {
      "has_redstone_block": "2023-06-25 12:44:13 +0900"
    },
    "done": true
  },
  "minecraft:recipes/decorations/chest": {
    "criteria": {
      "has_lots_of_items": "2023-06-25 12:44:17 +0900"
    },
    "done": true
  },
  "minecraft:recipes/transportation/detector_rail": {
    "criteria": {
      "has_rail": "2023-06-25 12:44:38 +0900"
    },
    "done": true
  },
  "minecraft:recipes/transportation/activator_rail": {
    "criteria": {
      "has_rail": "2023-06-25 12:44:38 +0900"
    },
    "done": true
  },
  "minecraft:recipes/transportation/powered_rail": {
    "criteria": {
      "has_rail": "2023-06-25 12:44:38 +0900"
    },
    "done": true
  },
  "minecraft:recipes/building_blocks/deepslate_brick_slab_from_polished_deepslate_stonecutting": {
    "criteria": {
      "has_polished_deepslate": "2023-06-25 12:45:52 +0900"
    },
    "done": true
  },
  "minecraft:recipes/decorations/polished_deepslate_wall": {
    "criteria": {
      "has_polished_deepslate": "2023-06-25 12:45:52 +0900"
    },
    "done": true
  },
  "minecraft:recipes/building_blocks/deepslate_bricks": {
    "criteria": {
      "has_polished_deepslate": "2023-06-25 12:45:52 +0900"
    },
    "done": true
  },
  "minecraft:recipes/decorations/polished_deepslate_wall_from_polished_deepslate_stonecutting": {
    "criteria": {
      "has_polished_deepslate": "2023-06-25 12:45:52 +0900"
    },
    "done": true
  },
  "minecraft:recipes/building_blocks/polished_deepslate_slab": {
    "criteria": {
      "has_polished_deepslate": "2023-06-25 12:45:52 +0900"
    },
    "done": true
  },
  "minecraft:recipes/building_blocks/polished_deepslate_slab_from_polished_deepslate_stonecutting": {
    "criteria": {
      "has_polished_deepslate": "2023-06-25 12:45:52 +0900"
    },
    "done": true
  },
  "minecraft:recipes/building_blocks/deepslate_tile_stairs_from_polished_deepslate_stonecutting": {
    "criteria": {
      "has_polished_deepslate": "2023-06-25 12:45:52 +0900"
    },
    "done": true
  },
  "minecraft:recipes/building_blocks/polished_deepslate_stairs_from_polished_deepslate_stonecutting": {
    "criteria": {
      "has_polished_deepslate": "2023-06-25 12:45:52 +0900"
    },
    "done": true
  },
  "minecraft:recipes/building_blocks/deepslate_tiles_from_polished_deepslate_stonecutting": {
    "criteria": {
      "has_polished_deepslate": "2023-06-25 12:45:52 +0900"
    },
    "done": true
  },
  "minecraft:recipes/building_blocks/deepslate_bricks_from_polished_deepslate_stonecutting": {
    "criteria": {
      "has_polished_deepslate": "2023-06-25 12:45:52 +0900"
    },
    "done": true
  },
  "minecraft:recipes/building_blocks/deepslate_tile_slab_from_polished_deepslate_stonecutting": {
    "criteria": {
      "has_polished_deepslate": "2023-06-25 12:45:52 +0900"
    },
    "done": true
  },
  "minecraft:recipes/decorations/deepslate_brick_wall_from_polished_deepslate_stonecutting": {
    "criteria": {
      "has_polished_deepslate": "2023-06-25 12:45:52 +0900"
    },
    "done": true
  },
  "minecraft:recipes/decorations/deepslate_tile_wall_from_polished_deepslate_stonecutting": {
    "criteria": {
      "has_polished_deepslate": "2023-06-25 12:45:52 +0900"
    },
    "done": true
  },
  "minecraft:recipes/building_blocks/deepslate_brick_stairs_from_polished_deepslate_stonecutting": {
    "criteria": {
      "has_polished_deepslate": "2023-06-25 12:45:52 +0900"
    },
    "done": true
  },
  "minecraft:recipes/building_blocks/polished_deepslate_stairs": {
    "criteria": {
      "has_polished_deepslate": "2023-06-25 12:45:52 +0900"
    },
    "done": true
  },
  "minecraft:recipes/decorations/black_stained_glass_pane": {
    "criteria": {
      "has_glass": "2023-06-25 12:46:49 +0900"
    },
    "done": true
  },
  "minecraft:recipes/building_blocks/red_stained_glass": {
    "criteria": {
      "has_glass": "2023-06-25 12:51:00 +0900"
    },
    "done": true
  },
  "minecraft:recipes/building_blocks/light_blue_stained_glass": {
    "criteria": {
      "has_glass": "2023-06-25 12:51:00 +0900"
    },
    "done": true
  },
  "minecraft:recipes/brewing/glass_bottle": {
    "criteria": {
      "has_glass": "2023-06-25 12:51:00 +0900"
    },
    "done": true
  },
  "minecraft:recipes/building_blocks/green_stained_glass": {
    "criteria": {
      "has_glass": "2023-06-25 12:51:00 +0900"
    },
    "done": true
  },
  "minecraft:recipes/building_blocks/brown_stained_glass": {
    "criteria": {
      "has_glass": "2023-06-25 12:51:00 +0900"
    },
    "done": true
  },
  "minecraft:recipes/building_blocks/light_gray_stained_glass": {
    "criteria": {
      "has_glass": "2023-06-25 12:51:00 +0900"
    },
    "done": true
  },
  "minecraft:recipes/building_blocks/blue_stained_glass": {
    "criteria": {
      "has_glass": "2023-06-25 12:51:00 +0900"
    },
    "done": true
  },
  "minecraft:recipes/building_blocks/orange_stained_glass": {
    "criteria": {
      "has_glass": "2023-06-25 12:51:00 +0900"
    },
    "done": true
  },
  "minecraft:recipes/building_blocks/cyan_stained_glass": {
    "criteria": {
      "has_glass": "2023-06-25 12:51:00 +0900"
    },
    "done": true
  },
  "minecraft:recipes/building_blocks/pink_stained_glass": {
    "criteria": {
      "has_glass": "2023-06-25 12:51:00 +0900"
    },
    "done": true
  },
  "minecraft:recipes/building_blocks/black_stained_glass": {
    "criteria": {
      "has_glass": "2023-06-25 12:51:00 +0900"
    },
    "done": true
  },
  "minecraft:recipes/building_blocks/gray_stained_glass": {
    "criteria": {
      "has_glass": "2023-06-25 12:51:00 +0900"
    },
    "done": true
  },
  "minecraft:recipes/building_blocks/purple_stained_glass": {
    "criteria": {
      "has_glass": "2023-06-25 12:51:00 +0900"
    },
    "done": true
  },
  "minecraft:recipes/building_blocks/yellow_stained_glass": {
    "criteria": {
      "has_glass": "2023-06-25 12:51:00 +0900"
    },
    "done": true
  },
  "minecraft:recipes/building_blocks/lime_stained_glass": {
    "criteria": {
      "has_glass": "2023-06-25 12:51:00 +0900"
    },
    "done": true
  },
  "minecraft:recipes/decorations/glass_pane": {
    "criteria": {
      "has_glass": "2023-06-25 12:51:00 +0900"
    },
    "done": true
  },
  "minecraft:recipes/building_blocks/magenta_stained_glass": {
    "criteria": {
      "has_glass": "2023-06-25 12:51:00 +0900"
    },
    "done": true
  },
  "minecraft:recipes/building_blocks/white_stained_glass": {
    "criteria": {
      "has_glass": "2023-06-25 12:51:00 +0900"
    },
    "done": true
  },
  "minecraft:recipes/decorations/red_glazed_terracotta": {
    "criteria": {
      "has_red_terracotta": "2023-06-25 13:00:26 +0900"
    },
    "done": true
  },
  "minecraft:recipes/decorations/blue_glazed_terracotta": {
    "criteria": {
      "has_blue_terracotta": "2023-06-25 13:00:37 +0900"
    },
    "done": true
  },
  "minecraft:recipes/transportation/chest_minecart": {
    "criteria": {
      "has_minecart": "2023-06-25 13:01:48 +0900"
    },
    "done": true
  },
  "minecraft:recipes/transportation/furnace_minecart": {
    "criteria": {
      "has_minecart": "2023-06-25 13:01:48 +0900"
    },
    "done": true
  },
  "minecraft:recipes/transportation/hopper_minecart": {
    "criteria": {
      "has_minecart": "2023-06-25 13:01:48 +0900"
    },
    "done": true
  },
  "minecraft:recipes/transportation/tnt_minecart": {
    "criteria": {
      "has_minecart": "2023-06-25 13:01:48 +0900"
    },
    "done": true
  },
  "minecraft:recipes/transportation/rail": {
    "criteria": {
      "has_minecart": "2023-06-25 13:01:48 +0900"
    },
    "done": true
  },
  "minecraft:recipes/decorations/stone_brick_wall": {
    "criteria": {
      "has_stone_bricks": "2023-06-25 13:02:39 +0900"
    },
    "done": true
  },
  "minecraft:recipes/building_blocks/stone_brick_slab_from_stone_bricks_stonecutting": {
    "criteria": {
      "has_stone_bricks": "2023-06-25 13:02:39 +0900"
    },
    "done": true
  },
  "minecraft:recipes/building_blocks/cracked_stone_bricks": {
    "criteria": {
      "has_stone_bricks": "2023-06-25 13:02:39 +0900"
    },
    "done": true
  },
  "minecraft:recipes/building_blocks/stone_brick_stairs_from_stone_bricks_stonecutting": {
    "criteria": {
      "has_stone_bricks": "2023-06-25 13:02:39 +0900"
    },
    "done": true
  },
  "minecraft:recipes/building_blocks/stone_brick_slab": {
    "criteria": {
      "has_stone_bricks": "2023-06-25 13:02:39 +0900"
    },
    "done": true
  },
  "minecraft:recipes/building_blocks/stone_brick_stairs": {
    "criteria": {
      "has_stone_bricks": "2023-06-25 13:02:39 +0900"
    },
    "done": true
  },
  "minecraft:recipes/building_blocks/chiseled_stone_bricks_from_stone_bricks_stonecutting": {
    "criteria": {
      "has_stone_bricks": "2023-06-25 13:02:39 +0900"
    },
    "done": true
  },
  "minecraft:recipes/building_blocks/chiseled_stone_bricks": {
    "criteria": {
      "has_tag": "2023-06-25 13:02:39 +0900"
    },
    "done": true
  },
  "minecraft:recipes/decorations/stone_brick_wall_from_stone_bricks_stonecutting": {
    "criteria": {
      "has_stone_bricks": "2023-06-25 13:02:39 +0900"
    },
    "done": true
  },
  "minecraft:recipes/building_blocks/lime_concrete_powder": {
    "criteria": {
      "has_sand": "2023-06-25 13:10:25 +0900"
    },
    "done": true
  },
  "minecraft:recipes/building_blocks/light_gray_concrete_powder": {
    "criteria": {
      "has_sand": "2023-06-25 13:10:25 +0900"
    },
    "done": true
  },
  "minecraft:recipes/building_blocks/pink_concrete_powder": {
    "criteria": {
      "has_sand": "2023-06-25 13:10:25 +0900"
    },
    "done": true
  },
  "minecraft:recipes/building_blocks/orange_concrete_powder": {
    "criteria": {
      "has_sand": "2023-06-25 13:10:25 +0900"
    },
    "done": true
  },
  "minecraft:recipes/building_blocks/red_concrete_powder": {
    "criteria": {
      "has_sand": "2023-06-25 13:10:25 +0900"
    },
    "done": true
  },
  "minecraft:recipes/building_blocks/magenta_concrete_powder": {
    "criteria": {
      "has_sand": "2023-06-25 13:10:25 +0900"
    },
    "done": true
  },
  "minecraft:recipes/building_blocks/brown_concrete_powder": {
    "criteria": {
      "has_sand": "2023-06-25 13:10:25 +0900"
    },
    "done": true
  },
  "minecraft:recipes/building_blocks/light_blue_concrete_powder": {
    "criteria": {
      "has_sand": "2023-06-25 13:10:25 +0900"
    },
    "done": true
  },
  "minecraft:recipes/building_blocks/glass": {
    "criteria": {
      "has_smelts_to_glass": "2023-06-25 13:10:25 +0900"
    },
    "done": true
  },
  "minecraft:recipes/building_blocks/green_concrete_powder": {
    "criteria": {
      "has_sand": "2023-06-25 13:10:25 +0900"
    },
    "done": true
  },
  "minecraft:recipes/building_blocks/blue_concrete_powder": {
    "criteria": {
      "has_sand": "2023-06-25 13:10:25 +0900"
    },
    "done": true
  },
  "minecraft:recipes/building_blocks/yellow_concrete_powder": {
    "criteria": {
      "has_sand": "2023-06-25 13:10:25 +0900"
    },
    "done": true
  },
  "minecraft:recipes/building_blocks/sandstone": {
    "criteria": {
      "has_sand": "2023-06-25 13:10:25 +0900"
    },
    "done": true
  },
  "minecraft:recipes/building_blocks/white_concrete_powder": {
    "criteria": {
      "has_sand": "2023-06-25 13:10:25 +0900"
    },
    "done": true
  },
  "minecraft:recipes/building_blocks/gray_concrete_powder": {
    "criteria": {
      "has_sand": "2023-06-25 13:10:25 +0900"
    },
    "done": true
  },
  "minecraft:recipes/building_blocks/black_concrete_powder": {
    "criteria": {
      "has_sand": "2023-06-25 13:10:25 +0900"
    },
    "done": true
  },
  "minecraft:recipes/building_blocks/purple_concrete_powder": {
    "criteria": {
      "has_sand": "2023-06-25 13:10:25 +0900"
    },
    "done": true
  },
  "minecraft:recipes/building_blocks/cyan_concrete_powder": {
    "criteria": {
      "has_sand": "2023-06-25 13:10:25 +0900"
    },
    "done": true
  },
  "minecraft:recipes/misc/green_dye": {
    "criteria": {
      "has_cactus": "2023-06-25 13:10:33 +0900"
    },
    "done": true
  },
  "minecraft:story/lava_bucket": {
    "criteria": {
      "lava_bucket": "2023-06-25 13:10:52 +0900"
    },
    "done": true
  },
  "minecraft:recipes/decorations/glow_item_frame": {
    "criteria": {
      "has_item_frame": "2023-06-25 13:19:37 +0900"
    },
    "done": true
  },
  "minecraft:recipes/building_blocks/waxed_oxidized_cut_copper_stairs_from_honeycomb": {
    "criteria": {
      "has_oxidized_cut_copper_stairs": "2023-06-25 13:21:18 +0900"
    },
    "done": true
  },
  "minecraft:recipes/decorations/blast_furnace": {
    "criteria": {
      "has_smooth_stone": "2023-06-25 13:52:04 +0900"
    },
    "done": true
  },
  "minecraft:recipes/building_blocks/smooth_stone_slab": {
    "criteria": {
      "has_smooth_stone": "2023-06-25 13:52:04 +0900"
    },
    "done": true
  },
  "minecraft:recipes/building_blocks/smooth_stone_slab_from_smooth_stone_stonecutting": {
    "criteria": {
      "has_smooth_stone": "2023-06-25 13:52:04 +0900"
    },
    "done": true
  },
  "minecraft:recipes/decorations/armor_stand": {
    "criteria": {
      "has_stone_slab": "2023-06-25 13:55:50 +0900"
    },
    "done": true
  },
  "minecraft:end/root": {
    "criteria": {
      "entered_end": "2023-06-25 15:51:10 +0900"
    },
    "done": true
  },
  "minecraft:story/enter_the_end": {
    "criteria": {
      "entered_end": "2023-06-25 15:51:10 +0900"
    },
    "done": true
  },
  "minecraft:nether/create_beacon": {
    "criteria": {
      "beacon": "2023-06-25 21:15:23 +0900"
    },
    "done": true
  },
  "minecraft:recipes/misc/raw_gold": {
    "criteria": {
      "has_raw_gold_block": "2023-06-25 21:35:17 +0900"
    },
    "done": true
  },
  "minecraft:recipes/misc/raw_iron": {
    "criteria": {
      "has_raw_iron_block": "2023-06-25 21:35:41 +0900"
    },
    "done": true
  },
  "DataVersion": 3465
}